ADMN,Admin,A,123,admin
Juan,1,1,1,user
2,2,2,2,user
Juan David,Barrera Perez,juan@gmail.com,J12345d@,user
Samuel,Gonzales,samuel@gmail.com,J12345d@,user
q,q,q@gmail.com,12345Jd@,user
Camilo,Rodriguez,camilo@gmail.com,1,user
1,1,1@gmail.com,Andres1#,user
Felipe,rrrr,felipe@gmail.com,Rf12345@,user
Juan,Barrera,juann@gmail.com,J12345d@,user
Andres,Morales,Andres@gmail.com,Ca123456789#,user
